编号,文件名,动作名称,分类,角色外观,推荐用途,优先级,关键词,动作说明,画布尺寸,帧数,循环时长秒,透明背景,文件大小KB,SHA256,相对路径
001,001-线条小狗动态表情包.gif,开车出行,移动出行,白色小狗,特殊移动,中,汽车|驾驶|出行,白色小狗驾驶红色汽车前进,250×250,2,0.2,是,831.6,22776DF2F0AA2A1B1353048A45B650F216778A642326B1AF147F7659E525AAA1,assets/source/线条小狗 表情包图合集/线条小狗 动态表情包 200张/001-线条小狗动态表情包.gif
002,002-线条小狗动态表情包.gif,坐转椅写笔记,工作学习,白色小狗,工作待机,高,转椅|写字|笔记|办公,白色小狗坐在绿色转椅上低头写笔记,320×300,18,2.97,是,869.0,F074A85C054CC0232C5D979E455924670F3AB57684A054F879640BFC32B3B342,assets/source/线条小狗 表情包图合集/线条小狗 动态表情包 200张/002-线条小狗动态表情包.gif
003,003-线条小狗动态表情包.gif,嚎啕大哭,负面情绪,白色小狗,低心情状态,高,大哭|眼泪|伤心,仰头哭泣并向两侧喷出大量眼泪,320×300,20,2.0,是,787.3,225C52008F270AF6102F7C8D75E9FF7F4BD36E1D4787C3D4C2D635976904B7B1,assets/source/线条小狗 表情包图合集/线条小狗 动态表情包 200张/003-线条小狗动态表情包.gif
004,004-线条小狗动态表情包.gif,反复跳跃,运动健身,白色小狗,点击互动,高,跳跃|压缩|弹起,白色小狗反复压低身体再向上跳起,250×250,10,1.0,是,769.3,7C641C0052A8C0FED33BAE3ACD78941086910B0D8683919F50108E7672A363D1,assets/source/线条小狗 表情包图合集/线条小狗 动态表情包 200张/004-线条小狗动态表情包.gif
005,005-线条小狗动态表情包.gif,快速跑过,移动出行,黄色立耳狗,移动动作,中,奔跑|转身|残影,快速从画面一侧跑过并带有残影,800×800,59,1.8,是,872.2,1812611CBA931CA16042E6AB1AD03DF38BB1CF756824FA734881D871A6FCC401,assets/source/线条小狗 表情包图合集/线条小狗 动态表情包 200张/005-线条小狗动态表情包.gif
006,006-线条小狗动态表情包.gif,趴在石头上休息,睡眠休息,黄色垂耳狗,休息状态,中,石头|趴下|休息,趴在灰色石头上轻微起伏,360×360,17,1.7,是,890.9,0A7E3E4E78BC6D060580AB5A9D55EB4163789FBD15CDFBF4B63B4D57DCF5C3BA,assets/source/线条小狗 表情包图合集/线条小狗 动态表情包 200张/006-线条小狗动态表情包.gif
007,007-线条小狗动态表情包.gif,坐在石头上,待机动作,白色小狗,特殊待机,高,石头|坐姿|晃动,坐在石头上轻轻晃动身体,360×360,11,1.1,是,712.4,3B64BD26255161BE3E231EC970AA2FFE56D527BC7FC6373084E9F8B015908DF9,assets/source/线条小狗 表情包图合集/线条小狗 动态表情包 200张/007-线条小狗动态表情包.gif
008,008-线条小狗动态表情包.gif,爱心跳跃欢呼,爱心表达,黄色立耳狗,高心情状态,中,爱心|跳跃|开心,爱心环绕后放大跳起欢呼,250×250,11,0.77,是,737.2,BA2357CED930486FDBEF2B6717F16F8EF481B75BCDAD5520B77CD7D44380C780,assets/source/线条小狗 表情包图合集/线条小狗 动态表情包 200张/008-线条小狗动态表情包.gif
009,009-线条小狗动态表情包.gif,举杠铃锻炼,运动健身,黄色立耳狗,体力互动,中,杠铃|健身|力量,反复举起杠铃进行力量训练,250×250,26,1.82,是,704.1,A843A8F62EAB1D46387953FEC29B1E6C6C531B765983EB79959AD1436BA1960D,assets/source/线条小狗 表情包图合集/线条小狗 动态表情包 200张/009-线条小狗动态表情包.gif
010,010-线条小狗动态表情包.gif,黄狗欺负白狗,双宠互动,白色加黄色双宠,伙伴互动,中,欺负|捉弄|双宠,黄色小狗反复欺负身边的白色小狗,250×250,22,1.54,是,832.0,D7F5633C4D04E1AF9741A859E0D78AC78DB9BF1FBABF702BC055E14E14A1C6A4,assets/source/线条小狗 表情包图合集/线条小狗 动态表情包 200张/010-线条小狗动态表情包.gif
011,011-线条小狗动态表情包.gif,骑在伙伴身上玩闹,双宠互动,白色加黄色双宠,伙伴互动,低,打闹|骑乘|双宠,黄色小狗坐在趴着的白色小狗身上玩闹,250×250,10,0.7,是,848.6,234058C10DCA37EFA36918DC22E86EE0469AC506EEFE661949DC053D785FA92E,assets/source/线条小狗 表情包图合集/线条小狗 动态表情包 200张/011-线条小狗动态表情包.gif
012,012-线条小狗动态表情包.gif,抬腿踢踏舞,运动健身,黄色垂耳狗,点击互动,中,踢腿|跳舞|运动,高抬腿并左右摆动跳舞,250×250,7,0.49,是,854.4,BDCED00AA5E23E475DC037D679F94C870508F3A20604F08576A17B637A4DAAA6,assets/source/线条小狗 表情包图合集/线条小狗 动态表情包 200张/012-线条小狗动态表情包.gif
013,013-线条小狗动态表情包.gif,低头流泪,负面情绪,黄色垂耳狗,低心情状态,中,流泪|委屈|水洼,低头哭泣并在脚边形成水洼,250×250,12,0.84,是,762.0,37D158DFAEEE79282F1867EB71AFB0EF409C37626DC32228739FC165291F7620,assets/source/线条小狗 表情包图合集/线条小狗 动态表情包 200张/013-线条小狗动态表情包.gif
014,014-线条小狗动态表情包.gif,躺平翻滚,互动反馈,黄色立耳狗,受击反馈,中,躺平|翻滚|生气,贴地躺平后左右翻滚,250×250,22,1.54,是,881.4,74A03C47709375487E8F092B4E525C3FD5F3A8519CBD350BADBF39ECE950E31D,assets/source/线条小狗 表情包图合集/线条小狗 动态表情包 200张/014-线条小狗动态表情包.gif
015,015-线条小狗动态表情包.gif,趴桌睡觉,工作学习,黄色垂耳狗,疲劳状态,中,桌子|加班|睡觉,坐在桌边逐渐趴下睡着,250×250,42,4.2,是,856.6,202A1A089EC77D5E20AB05B5CC794A20D6749FDF0D616514B6AC424E552E925E,assets/source/线条小狗 表情包图合集/线条小狗 动态表情包 200张/015-线条小狗动态表情包.gif
016,016-线条小狗动态表情包.gif,钻被窝睡觉,睡眠休息,黄色垂耳狗,夜间睡眠,中,被窝|床铺|睡觉,在白色被窝中翻身并入睡,250×250,28,2.8,是,852.7,D010D3DA2641E83BF87AD5C8A7449B3F9556DB3F8938B3379324BD96FB68525D,assets/source/线条小狗 表情包图合集/线条小狗 动态表情包 200张/016-线条小狗动态表情包.gif
017,017-线条小狗动态表情包.gif,白狗刷牙,日常生活,白色小狗,清洁互动,高,刷牙|牙刷|清洁,白色小狗拿着牙刷反复刷牙,500×476,19,1.9,是,736.4,3FBA5EABDCF60320F7554CD048A2CDC276543EB70039800793EB432443DDBE87,assets/source/线条小狗 表情包图合集/线条小狗 动态表情包 200张/017-线条小狗动态表情包.gif
018,018-线条小狗动态表情包.gif,挥手扭动,互动反馈,白色小狗,点击互动,高,挥手|扭动|招呼,举起双手左右扭动打招呼,500×511,19,1.9,是,829.9,9C051CE7A4DDFE8DF49CEAB91A8A76B718BE51D84B7EE7D5BFA097D2DC719D11,assets/source/线条小狗 表情包图合集/线条小狗 动态表情包 200张/018-线条小狗动态表情包.gif
019,019-线条小狗动态表情包.gif,淋浴洗澡,日常生活,白色小狗,清洁状态,高,淋浴|洗澡|搓洗,站在花洒下搓洗身体,500×497,8,0.8,是,813.4,B8E6B53D3D0CE9200B459518069DE1D972C540E30CF58269A1B48D26AE2DEFAC,assets/source/线条小狗 表情包图合集/线条小狗 动态表情包 200张/019-线条小狗动态表情包.gif
020,020-线条小狗动态表情包.gif,花朵环绕欢呼,正面情绪,白色小狗,高心情状态,高,花朵|欢呼|开心,花朵出现时张开双手开心欢呼,500×494,11,1.1,是,895.1,BF1EB209ACF226DF51B8080743EAE5ABE780B31B2695BE11B0695767AAA791B5,assets/source/线条小狗 表情包图合集/线条小狗 动态表情包 200张/020-线条小狗动态表情包.gif
021,021-线条小狗动态表情包.gif,刷牙漱口,日常生活,黄色立耳狗,清洁互动,中,牙刷|刷牙|漱口,拿牙刷认真刷牙,500×493,4,0.4,是,874.3,3DF51D5E0E55777578BBA581AF837456529F19FCA7F086D75BF7FDD02145BD8F,assets/source/线条小狗 表情包图合集/线条小狗 动态表情包 200张/021-线条小狗动态表情包.gif
022,022-线条小狗动态表情包.gif,张嘴淋浴,日常生活,黄色垂耳狗,清洁状态,中,花洒|淋浴|张嘴,站在花洒下张嘴接水,500×503,24,2.4,是,803.3,F7ADC38D91DF8ABED6060C4E345E5FE451B691AD75C2AB945A60747EC1238D15,assets/source/线条小狗 表情包图合集/线条小狗 动态表情包 200张/022-线条小狗动态表情包.gif
023,023-线条小狗动态表情包.gif,花香中转圈,正面情绪,黄色垂耳狗,特殊待机,中,花朵|转圈|开心,在绿色花朵环绕中开心旋转,500×512,11,1.1,是,875.5,1E18418B1D0CA726B58EBDB58676B68FAAE3949448275171B147A3CC420BF418,assets/source/线条小狗 表情包图合集/线条小狗 动态表情包 200张/023-线条小狗动态表情包.gif
024,024-线条小狗动态表情包.gif,抠鼻发呆,待机动作,黄色垂耳狗,搞怪待机,低,抠鼻|发呆|搞怪,坐着抠鼻并保持呆滞表情,500×487,9,0.9,是,777.5,621515D23A9424E49ABA82C93F26E3A30AE2AD6A067F8B85D377EAB1686E16D9,assets/source/线条小狗 表情包图合集/线条小狗 动态表情包 200张/024-线条小狗动态表情包.gif
025,025-线条小狗动态表情包.gif,天使翅膀扇动,装扮特效,黄色垂耳狗,特殊状态,中,天使|翅膀|扇动,背后出现蓝色翅膀并持续扇动,500×477,14,1.4,是,752.6,7A714874F3E831FCC894A48F350D2030D048FEA575363DB343A63CEB3D41E520,assets/source/线条小狗 表情包图合集/线条小狗 动态表情包 200张/025-线条小狗动态表情包.gif
026,026-线条小狗动态表情包.gif,惊醒坐起,互动反馈,黄色垂耳狗,受惊反馈,中,惊醒|感叹号|坐起,从趴卧状态突然惊醒并坐起,250×250,36,2.52,是,786.5,7674E1C3E376FD1C199D89B6FCE9901C01DA1069ED5112A42B19747433F8EF8A,assets/source/线条小狗 表情包图合集/线条小狗 动态表情包 200张/026-线条小狗动态表情包.gif
027,027-线条小狗动态表情包.gif,疑惑趴下,负面情绪,黄色垂耳狗,疑惑状态,中,问号|疑惑|趴下,头顶问号并短暂趴下再坐起,250×250,35,2.45,是,846.8,2BDEDD5E09C32EFE25D6D8CDEC6502F11109CFF7813952A537889CE5675929CF,assets/source/线条小狗 表情包图合集/线条小狗 动态表情包 200张/027-线条小狗动态表情包.gif
028,028-线条小狗动态表情包.gif,瀑布泪,负面情绪,白色小狗,低心情状态,高,哭泣|瀑布泪|伤心,坐着持续流下两道夸张眼泪,150×150,4,0.4,是,705.0,9832FD83B9E91912DC3703505FD21B53B9F5DB42367BD2147497FEBE866EF97E,assets/source/线条小狗 表情包图合集/线条小狗 动态表情包 200张/028-线条小狗动态表情包.gif
029,029-线条小狗动态表情包.gif,疑惑惊讶,互动反馈,白色小狗,点击反馈,高,问号|感叹号|疑惑,坐着抬头并显示问号和感叹号,150×149,16,1.6,是,725.9,233B18E264F70311BC58A73651BD48B4A3E21E2C6EAF958C6BF74E7FA534A1AE,assets/source/线条小狗 表情包图合集/线条小狗 动态表情包 200张/029-线条小狗动态表情包.gif
030,030-线条小狗动态表情包.gif,啦啦队挥花球,运动健身,白色小狗,庆祝互动,高,花球|应援|跳跃,挥舞黄色花球并跳跃应援,250×250,7,0.63,是,708.7,E91A49B0DB11C7052EE28F0E1A56343C22CA158ABBF0A335FC013B0EDFADA7C2,assets/source/线条小狗 表情包图合集/线条小狗 动态表情包 200张/030-线条小狗动态表情包.gif
031,031-线条小狗动态表情包.gif,举OK牌,互动反馈,白色小狗,确认反馈,高,OK|举牌|确认,手举OK木牌左右轻晃,250×250,7,0.91,是,864.8,FE697C00C7AF327823BD4FB07AFFB4D239F690ED4FBE88019EF2E774F695496A,assets/source/线条小狗 表情包图合集/线条小狗 动态表情包 200张/031-线条小狗动态表情包.gif
032,032-线条小狗动态表情包.gif,抱爱心摇晃,爱心表达,白色小狗,好感互动,高,爱心|拥抱|摇晃,抱着大红心左右开心摇晃,320×300,14,0.98,是,888.5,9BCFFE63B9D04311DA0796C5E78D7EE4723E3F2FEA6EAE17911FA7D45B8A7DCE,assets/source/线条小狗 表情包图合集/线条小狗 动态表情包 200张/032-线条小狗动态表情包.gif
033,033-线条小狗动态表情包.gif,发射爱心,爱心表达,白色小狗,好感互动,高,爱心|发射|示爱,从胸前连续向外发射红心,250×250,9,0.81,是,751.4,7A141B7CB217FCBDC7B7DBA1583AB0F739A51084F6594DB3F96FD7DB4E6BCEBA,assets/source/线条小狗 表情包图合集/线条小狗 动态表情包 200张/033-线条小狗动态表情包.gif
034,034-线条小狗动态表情包.gif,音乐踏步舞,音乐娱乐,白色小狗,特殊待机,高,音乐|踏步|跳舞,伴随音符左右踏步跳舞,250×250,5,0.5,是,792.5,463B87DDD07B65A7CCA3508FDBC04987F36F2A4AE2D4E363B3620402C8AFA039,assets/source/线条小狗 表情包图合集/线条小狗 动态表情包 200张/034-线条小狗动态表情包.gif
035,035-线条小狗动态表情包.gif,泪流满地,负面情绪,白色小狗,低心情状态,高,哭泣|眼泪|泪流满地,白色小狗哭倒在大片蓝色泪水中,150×150,32,3.4,是,809.7,518BBDA619A1310D817C70B950F87A369517F7289153FA61065F6C4C839CA455,assets/source/线条小狗 表情包图合集/线条小狗 动态表情包 200张/035-线条小狗动态表情包.gif
036,036-线条小狗动态表情包.gif,转身扭舞,互动反馈,白色小狗,点击互动,高,转身|扭动|跳舞,前后转身并左右扭动身体,150×152,18,1.8,是,895.3,BDA84A84320B1285B4F3C4B9072AD387A4BB4934E1FD2FF7A686F73C188837FF,assets/source/线条小狗 表情包图合集/线条小狗 动态表情包 200张/036-线条小狗动态表情包.gif
037,037-线条小狗动态表情包.gif,出现啦,互动反馈,白色小狗,出现或叫醒,高,出现|探头|举手,白色小狗从不同颜色的遮挡后探头出现,250×250,21,2.8,是,854.4,AA81736ECC24AFC1674D0911C13E1A13498D520DEAEF071A12C6CC7A0A17B4A3,assets/source/线条小狗 表情包图合集/线条小狗 动态表情包 200张/037-线条小狗动态表情包.gif
038,038-线条小狗动态表情包.gif,爱心环绕跳舞,爱心表达,白色小狗,好感互动,高,爱心|跳舞|开心,爱心环绕后放大并开心跳舞,170×170,11,0.77,是,816.4,DE36617913E6C9C5C83E6165C3FBFB1E430D30F4BBA5FFD92A6DB569BA91E710,assets/source/线条小狗 表情包图合集/线条小狗 动态表情包 200张/038-线条小狗动态表情包.gif
039,039-线条小狗动态表情包.gif,托举大爱心,爱心表达,白色小狗,好感互动,高,爱心|托举|拥抱,抱住并托起一颗大红心,250×250,22,2.8,是,742.2,E7BBEBCDC39ABF47800F8E6835E87ACEA747819A98919EAF2E41456C2571727A,assets/source/线条小狗 表情包图合集/线条小狗 动态表情包 200张/039-线条小狗动态表情包.gif
040,040-线条小狗动态表情包.gif,听音乐点头,音乐娱乐,白色小狗,自然待机,高,音乐|点头|律动,伴随彩色音符左右点头律动,250×250,14,0.98,是,898.6,4695600F330E876E97059B35991EB8F63C7D63C1ACA0D9B727B2759CF588DDB1,assets/source/线条小狗 表情包图合集/线条小狗 动态表情包 200张/040-线条小狗动态表情包.gif
041,041-线条小狗动态表情包.gif,被窝翻身,睡眠休息,黄色垂耳狗,夜间睡眠,中,被窝|翻身|睡觉,躺在白色被窝中翻身调整睡姿,250×250,28,2.8,是,844.6,FEF9BABE26A60798D33AFAD9CA55BBC4B3F4C509E99F37F87CD1D3BFAE7D06FE,assets/source/线条小狗 表情包图合集/线条小狗 动态表情包 200张/041-线条小狗动态表情包.gif
042,042-线条小狗动态表情包.gif,尖叫炸毛缩小,互动反馈,白色小狗,受惊反馈,高,尖叫|炸毛|缩小,受到惊吓后尖叫炸毛并缩小,250×250,22,2.43,是,748.6,6EDE4CB5B788BB91BC75D5A15F40FD83517CF4DC71B194314B9D5DC80C8B1769,assets/source/线条小狗 表情包图合集/线条小狗 动态表情包 200张/042-线条小狗动态表情包.gif
043,043-线条小狗动态表情包.gif,长椅点头打盹,睡眠休息,黄色垂耳狗,困倦待机,中,长椅|点头|打盹,坐在长椅上反复低头打盹,250×250,22,1.54,是,856.2,EAA693989B0E67FC4903F16D4FDF35D189B5239AD99430202DD192D45861B544,assets/source/线条小狗 表情包图合集/线条小狗 动态表情包 200张/043-线条小狗动态表情包.gif
044,044-线条小狗动态表情包.gif,加班文件堆,工作学习,白色小狗,工作状态,高,文件|加班|哭泣,被成堆文件包围并疲惫哭泣,450×447,20,4.8,是,749.4,CA9E63E1A80ED43569D37D56520785D410B29F0EA3B9E3624D745C69E11E75D8,assets/source/线条小狗 表情包图合集/线条小狗 动态表情包 200张/044-线条小狗动态表情包.gif
045,045-线条小狗动态表情包.gif,生日礼花,节日庆祝,白色小狗,生日事件,高,生日帽|礼花|庆祝,戴生日帽在彩色礼花中庆祝,500×513,14,1.4,是,776.3,F1C2CD1694E523AEB95BA3967121CFBA671200C1B8ACB76C4FBA9EC1BE9FE201,assets/source/线条小狗 表情包图合集/线条小狗 动态表情包 200张/045-线条小狗动态表情包.gif
046,046-线条小狗动态表情包.gif,贴地翻滚,移动出行,白色小狗,随机横向巡游,高,贴地|翻滚|左右移动,白色小狗贴着地面反复翻滚,170×170,30,2.1,是,772.4,08E8E0D9DE1A158A3F89455716CF117932D4B7D22FD283FA1946865ABAECD4F8,assets/source/线条小狗 表情包图合集/线条小狗 动态表情包 200张/046-线条小狗动态表情包.gif
047,047-线条小狗动态表情包.gif,摸头拥抱伙伴,双宠互动,白色加黄色双宠,伙伴互动,中,摸头|拥抱|爱心,白色小狗从背后摸头并拥抱黄色小狗,170×170,28,1.96,是,816.9,C654CBF785499C041E6993547EB907D69EDC54B8D79EF9378BFF208AD4DA3B6C,assets/source/线条小狗 表情包图合集/线条小狗 动态表情包 200张/047-线条小狗动态表情包.gif
048,048-线条小狗动态表情包.gif,伙伴依偎,双宠互动,白色加黄色双宠,伙伴待机,中,依偎|拥抱|爱心,黄色和白色小狗互相依偎,170×170,49,3.43,是,827.0,040E990A44AA5CDA2096D93B8F96775CAB497DD6415ADFB456647DBDD1D5D3B7,assets/source/线条小狗 表情包图合集/线条小狗 动态表情包 200张/048-线条小狗动态表情包.gif
049,049-线条小狗动态表情包.gif,闪亮起身欢呼,正面情绪,黄色垂耳狗,高心情状态,中,闪光|起身|欢呼,从坐姿起身并在闪光中欢呼,170×170,8,0.56,是,710.1,32277A897F50081073E23C2677F4E098241DB6EE748AF529C868A16DFF4DBEDA,assets/source/线条小狗 表情包图合集/线条小狗 动态表情包 200张/049-线条小狗动态表情包.gif
050,050-线条小狗动态表情包.gif,趴地伸展跳起,运动健身,黄色垂耳狗,点击互动,中,伸展|趴地|跳起,趴下伸展后快速跃起再落地,170×170,23,1.61,是,846.0,F662FD6E436F15965A3755B11D2484D102F33038CA07BDDF3662BA1687C2E518,assets/source/线条小狗 表情包图合集/线条小狗 动态表情包 200张/050-线条小狗动态表情包.gif
051,051-线条小狗动态表情包.gif,双宠欢呼跌倒,双宠互动,白色加黄色双宠,伙伴互动,中,欢呼|跌倒|双宠,两只小狗并肩欢呼后一起跌倒再站起,170×170,30,2.1,是,739.6,0748317B32D3A211472CA24CE64043F4576D25E107298C1057FAC9870C17B748,assets/source/线条小狗 表情包图合集/线条小狗 动态表情包 200张/051-线条小狗动态表情包.gif
052,052-线条小狗动态表情包.gif,双宠追逐赛,双宠互动,白色加黄色双宠,移动动作,中,追逐|竞跑|双宠,黄色和白色小狗一前一后快速追逐,170×170,11,0.55,是,772.6,EB827F24C5EE83672E238A7A1ACAAABF049DAFD2B7E3DE255FFF25264ED7BC3F,assets/source/线条小狗 表情包图合集/线条小狗 动态表情包 200张/052-线条小狗动态表情包.gif
053,053-线条小狗动态表情包.gif,双宠交错奔跑,双宠互动,白色加黄色双宠,移动动作,中,奔跑|交错|双宠,两只小狗交错位置持续奔跑,170×170,9,0.63,是,857.1,3D182383226C91601868E3103E5E3DEB39D221E96D1B13DD41378842E29406E0,assets/source/线条小狗 表情包图合集/线条小狗 动态表情包 200张/053-线条小狗动态表情包.gif
054,054-线条小狗动态表情包.gif,胸口爱心弹出,爱心表达,白色小狗,好感互动,高,爱心|胸口|弹出,从胸口弹出粉色爱心再收回,170×170,13,0.91,是,893.1,1767ED3D385EBD0D4F1CC737AD233DF2F4158AC37371717A012E3662B7E94413,assets/source/线条小狗 表情包图合集/线条小狗 动态表情包 200张/054-线条小狗动态表情包.gif
055,055-线条小狗动态表情包.gif,爱心堆中拥抱,爱心表达,白色小狗,好感互动,高,爱心|拥抱|堆叠,站在爱心堆中轮流抱起爱心,170×170,18,1.26,是,707.0,972587173935F81AFD1896E1562072B3894E643C4D8FE3C2912F24186AE4054D,assets/source/线条小狗 表情包图合集/线条小狗 动态表情包 200张/055-线条小狗动态表情包.gif
056,056-线条小狗动态表情包.gif,抛接爱心,爱心表达,黄色立耳狗,好感互动,中,爱心|抛接|开心,抛出并接住粉色爱心,170×170,14,0.98,是,750.0,137246207F24AF45BD993A9FB40C1822D018A17AD9712B94F5F78BE8677C717C,assets/source/线条小狗 表情包图合集/线条小狗 动态表情包 200张/056-线条小狗动态表情包.gif
057,057-线条小狗动态表情包.gif,爱心堆中抛心,爱心表达,黄色立耳狗,好感互动,中,爱心|抛心|堆叠,站在爱心堆中抛接大爱心,170×170,17,1.19,是,875.8,A56D4CB94416B97E5082D8D200DB7A4775F5084492D42C95F5C51E938652E9DE,assets/source/线条小狗 表情包图合集/线条小狗 动态表情包 200张/057-线条小狗动态表情包.gif
058,058-线条小狗动态表情包.gif,挥魔法棒旋转,装扮特效,黄色立耳狗,特殊互动,中,魔法棒|星星|旋转,挥动星星魔法棒并旋转身体,170×170,52,3.64,是,749.3,2F99972512E3AEB8212B12C04FC4C6E4FB52DAEC9F8FC439FEDF62292BBBC06D,assets/source/线条小狗 表情包图合集/线条小狗 动态表情包 200张/058-线条小狗动态表情包.gif
059,059-线条小狗动态表情包.gif,白狗礼盒惊喜,节日庆祝,白色小狗,礼物事件,高,礼盒|惊喜|生日帽,白色小狗戴帽从礼盒中探出,170×170,54,3.78,是,777.0,DACFE786CC32437557AC4E795228EF6913C354D339DD76A7D81B464E8B6B163D,assets/source/线条小狗 表情包图合集/线条小狗 动态表情包 200张/059-线条小狗动态表情包.gif
060,060-线条小狗动态表情包.gif,黄狗礼盒惊喜,节日庆祝,黄色垂耳狗,礼物事件,中,礼盒|惊喜|生日帽,黄色小狗戴帽从礼盒中探出,170×170,43,3.01,是,805.7,219B13B3CA4DF598B023801FDA7A98BDE0F32C7DC420398C9E912BAF3A48DEA3,assets/source/线条小狗 表情包图合集/线条小狗 动态表情包 200张/060-线条小狗动态表情包.gif
061,061-线条小狗动态表情包.gif,举起巨型爱心,爱心表达,白色小狗,好感互动,高,巨型爱心|举起|示爱,将巨型粉色爱心举过头顶再放下,500×497,7,0.7,是,880.1,E2C58AA7682576FECCCF46981DF8C44C43AD2E7D1BBA5B1E632CCC279A1D1A58,assets/source/线条小狗 表情包图合集/线条小狗 动态表情包 200张/061-线条小狗动态表情包.gif
062,062-线条小狗动态表情包.gif,亲吻白狗脸颊,双宠互动,白色加黄色双宠,伙伴互动,中,亲吻|脸颊|双宠,黄色小狗反复亲吻白色小狗脸颊,500×499,8,0.8,是,763.6,C821916AC39794C98F86C2F2FEB9CFB614DA255A4CA5A73388495FC495EEF1CF,assets/source/线条小狗 表情包图合集/线条小狗 动态表情包 200张/062-线条小狗动态表情包.gif
063,063-线条小狗动态表情包.gif,吹出小爱心,爱心表达,黄色立耳狗,好感互动,中,吹心|爱心|示爱,从手中连续吹出小爱心,490×500,8,0.8,是,808.2,751EFE0B3908F0E68E65A277630209097001CBFEC779CC82CE50179BB5BA2EA4,assets/source/线条小狗 表情包图合集/线条小狗 动态表情包 200张/063-线条小狗动态表情包.gif
064,064-线条小狗动态表情包.gif,黄狗巨型爱心,爱心表达,黄色立耳狗,好感互动,中,巨型爱心|举起|拥抱,抱住并举起巨型粉色爱心,500×500,22,2.2,是,736.6,E112E554AC062DED7F4DEC9229EEDEE33367908FE28DCA236818AC0478785FD1,assets/source/线条小狗 表情包图合集/线条小狗 动态表情包 200张/064-线条小狗动态表情包.gif
065,065-线条小狗动态表情包.gif,抱紧白狗摇晃,双宠互动,白色加黄色双宠,伙伴互动,中,拥抱|摇晃|双宠,黄色小狗抱紧白色小狗来回摇晃,500×494,16,1.6,是,819.3,0A53749CCAC1841B1FBF50680A382F19B39AA4EAFA2BF686F998533AC996A48E,assets/source/线条小狗 表情包图合集/线条小狗 动态表情包 200张/065-线条小狗动态表情包.gif
066,066-线条小狗动态表情包.gif,坐着掉眼泪,负面情绪,黄色垂耳狗,低心情状态,中,眼泪|委屈|坐姿,坐着安静流下眼泪,500×512,33,3.3,是,816.2,53E6DD7F02CD13A1AF2AD5275D49BD1A21D061C19247DFA9C716717A8494AA68,assets/source/线条小狗 表情包图合集/线条小狗 动态表情包 200张/066-线条小狗动态表情包.gif
067,067-线条小狗动态表情包.gif,招手欢呼,互动反馈,黄色垂耳狗,点击互动,中,招手|欢呼|打招呼,左右摆动并抬手打招呼,500×494,32,3.2,是,830.8,3641156664A5DC20AAED0B1B9CA38BABC1E712B89162F87DDF7D6ECB618C7F48,assets/source/线条小狗 表情包图合集/线条小狗 动态表情包 200张/067-线条小狗动态表情包.gif
068,068-线条小狗动态表情包.gif,亲吻后伙伴变大,双宠互动,白色加黄色双宠,伙伴互动,低,亲吻|变大|双宠,黄色小狗亲吻白色小狗后白狗放大出现,500×494,34,3.4,是,764.0,CBAFCCDA86CDF7A6CA64BEE33D244EA3E2C9D68C0B02988802D33C1EFEAF49BF,assets/source/线条小狗 表情包图合集/线条小狗 动态表情包 200张/068-线条小狗动态表情包.gif
069,069-线条小狗动态表情包.gif,端菜上餐,食物进食,黄色立耳狗,喂食互动,中,端菜|上餐|食物,双手端着两盘食物并鞠躬上菜,500×491,28,2.8,是,889.9,412F8D53CE1850E3D5A0D88762CB003915E152C1D279F0671597916351303CB3,assets/source/线条小狗 表情包图合集/线条小狗 动态表情包 200张/069-线条小狗动态表情包.gif
070,070-线条小狗动态表情包.gif,累趴头晕,负面情绪,黄色垂耳狗,低体力状态,中,累趴|头晕|疲惫,趴在地面张嘴喘气并出现眩晕圈,500×488,25,2.5,是,715.6,7A603BBEBF3F29E243561A67D43AAFBD3A739CF6796ADAD0F49BC372F106D2B1,assets/source/线条小狗 表情包图合集/线条小狗 动态表情包 200张/070-线条小狗动态表情包.gif
071,071-线条小狗动态表情包.gif,趴软垫睡觉,睡眠休息,黄色垂耳狗,睡眠状态,中,软垫|趴睡|呼吸,趴在黄色软垫上平稳睡觉,500×492,10,1.0,是,897.5,F32E78D6E4692B8AFC14B6888142B28D91CE7EE3203DE5673338DF027934EC88,assets/source/线条小狗 表情包图合集/线条小狗 动态表情包 200张/071-线条小狗动态表情包.gif
072,072-线条小狗动态表情包.gif,爱心气球爬行,爱心表达,黄色立耳狗,好感互动,中,气球|爱心|爬行,背着爱心气球在地面爬行,500×515,8,0.8,是,886.8,9617661388229B9EFF7836B1407C6665141F5EC7F596C84E9DD1BF370AE4B7F4,assets/source/线条小狗 表情包图合集/线条小狗 动态表情包 200张/072-线条小狗动态表情包.gif
073,073-线条小狗动态表情包.gif,紧张冒汗,负面情绪,黄色垂耳狗,紧张状态,中,冒汗|紧张|发抖,双手贴脸并持续冒汗发抖,500×491,5,0.5,是,841.7,4CC5EEDB0F1427007B39036B6918AA3500A619200AC24CA0FA293A83ABB69606,assets/source/线条小狗 表情包图合集/线条小狗 动态表情包 200张/073-线条小狗动态表情包.gif
074,074-线条小狗动态表情包.gif,生日帽彩带舞,节日庆祝,黄色立耳狗,生日事件,中,生日帽|彩带|跳舞,戴生日帽在彩带中左右跳舞,500×515,10,1.0,是,876.3,1DAFE11BC106A209C5BFDA544A92395FBE53E115632652DDB3E465DD31570BDE,assets/source/线条小狗 表情包图合集/线条小狗 动态表情包 200张/074-线条小狗动态表情包.gif
075,075-线条小狗动态表情包.gif,转身展示屁股,搞怪动作,黄色立耳狗,搞怪互动,低,转身|屁股|搞怪,正面挥手后转身展示屁股再回来,500×500,37,3.7,是,785.5,32C4B358D58A6CF509387F94483B06D1E69347FA02B910F7B9B6710A398623F7,assets/source/线条小狗 表情包图合集/线条小狗 动态表情包 200张/075-线条小狗动态表情包.gif
076,076-线条小狗动态表情包.gif,后仰摇摆,互动反馈,黄色垂耳狗,受击反馈,中,后仰|摇摆|惊讶,身体后仰并来回摇摆,500×500,28,2.8,是,718.9,A39452FD6D68CD00B045B2F75F06A467D8C9E0BA473A208A9611E5A17D09CE50,assets/source/线条小狗 表情包图合集/线条小狗 动态表情包 200张/076-线条小狗动态表情包.gif
077,077-线条小狗动态表情包.gif,给伙伴倒饮料,双宠互动,白色加黄色双宠,伙伴互动,低,饮料|水壶|泼洒,黄色小狗举红色水壶向白狗倒饮料,500×512,30,3.0,是,854.0,BC22B5C84F1CECAAA5B3C844DC80A0C40A6F0C9E386F09D16C1173371EF23651,assets/source/线条小狗 表情包图合集/线条小狗 动态表情包 200张/077-线条小狗动态表情包.gif
078,078-线条小狗动态表情包.gif,文件堆中崩溃,工作学习,黄色立耳狗,工作状态,中,文件|加班|崩溃,被大量文件包围并低头崩溃,500×482,39,3.9,是,867.1,5DA76D43E902D87CC49E4A5B2F8C4397748C2E1BF6EE156D426CA35D9FCB75D3,assets/source/线条小狗 表情包图合集/线条小狗 动态表情包 200张/078-线条小狗动态表情包.gif
079,079-线条小狗动态表情包.gif,强烈震惊,互动反馈,黄色垂耳狗,受惊反馈,中,震惊|闪光|尖叫,在黄色爆炸光效中捂脸震惊,532×520,25,3.4,是,736.8,E148506D1A7260E785664AD7DAD126F96B3B12DC4D17E0868E2CB9C51C036670,assets/source/线条小狗 表情包图合集/线条小狗 动态表情包 200张/079-线条小狗动态表情包.gif
080,080-线条小狗动态表情包.gif,黄狗驮着白狗跑,双宠互动,白色加黄色双宠,随机横向巡游,高,驮着|奔跑|双宠|移动,黄色小狗驮着白色小狗向前奔跑,500×502,7,0.7,是,722.4,3D451130C1772A60381D63887CAFB25E2C28799672F292538261693B373ED4E8,assets/source/线条小狗 表情包图合集/线条小狗 动态表情包 200张/080-线条小狗动态表情包.gif
081,081-线条小狗动态表情包.gif,闪亮微笑,正面情绪,黄色垂耳狗,自然待机,中,闪光|微笑|坐姿,坐着微笑并有星光闪烁,500×485,7,0.7,是,887.6,36CF8944500EFB7EA22DF3057EBE2C9813A337780FAB8D3DBDB3676CE21FEEB7,assets/source/线条小狗 表情包图合集/线条小狗 动态表情包 200张/081-线条小狗动态表情包.gif
082,082-线条小狗动态表情包.gif,双宠贴脸玩闹,双宠互动,白色加黄色双宠,伙伴互动,中,贴脸|玩闹|双宠,两只小狗面对面贴近并互相推挤,500×500,4,0.4,是,858.0,CA805721BCB8E7F93176AB94D10C627EF5EE5B620043363711CEF2CE87CEF500,assets/source/线条小狗 表情包图合集/线条小狗 动态表情包 200张/082-线条小狗动态表情包.gif
083,083-线条小狗动态表情包.gif,身体拉伸变形,互动反馈,黄色立耳狗,点击互动,中,拉伸|变形|回弹,身体向四周拉伸后恢复原形,500×493,8,0.8,是,832.4,74532E260CBDD1D736B234C23F5108B83310F21103890A2FE305D9BDFA9E81DF,assets/source/线条小狗 表情包图合集/线条小狗 动态表情包 200张/083-线条小狗动态表情包.gif
084,084-线条小狗动态表情包.gif,趴地熟睡,睡眠休息,黄色垂耳狗,睡眠状态,中,趴睡|阴影|呼吸,趴在地面保持熟睡姿态,500×500,12,1.2,是,809.4,62886140F9D71692FF8B832FDEEA9740E4AF784E7519AE02F5FE6A446BDC211F,assets/source/线条小狗 表情包图合集/线条小狗 动态表情包 200张/084-线条小狗动态表情包.gif
085,085-线条小狗动态表情包.gif,侧躺翻身,睡眠休息,黄色垂耳狗,睡眠状态,中,侧躺|翻身|阴影,侧躺在阴影垫上缓慢翻身,500×506,20,2.0,是,733.0,621B04A29AF45E2A1895D7B138AB0538CCBBEAA4CD76CD0D2344F2C8B13A35FE,assets/source/线条小狗 表情包图合集/线条小狗 动态表情包 200张/085-线条小狗动态表情包.gif
086,086-线条小狗动态表情包.gif,白狗趴地蠕动,移动出行,白色小狗,随机横向巡游,高,趴地|蠕动|白狗|左右移动,白色小狗贴着地面缓慢蠕动前进,500×506,38,3.8,是,768.5,8752023DE8598B9B64FB90EACEE4C90521B5AC4FE82BEC8BBDF7A7BD58B65146,assets/source/线条小狗 表情包图合集/线条小狗 动态表情包 200张/086-线条小狗动态表情包.gif
087,087-线条小狗动态表情包.gif,双手爱心舞,爱心表达,黄色立耳狗,好感互动,中,爱心|跳舞|双手,手持两颗爱心左右跳舞,500×503,13,1.3,是,707.8,227FFAFF61E1BA99194D00FF1D95A8AA8F0DAB87947867DF3BCC7DD3B34651C4,assets/source/线条小狗 表情包图合集/线条小狗 动态表情包 200张/087-线条小狗动态表情包.gif
088,088-线条小狗动态表情包.gif,白狗端菜,食物进食,白色小狗,喂食互动,高,端菜|食物|上餐,白色小狗双手端着两盘食物展示,500×494,29,2.9,是,709.3,3744B62D573649DD888D5CA11CA6DDD3CCE55623A027A8E671148F92B265921D,assets/source/线条小狗 表情包图合集/线条小狗 动态表情包 200张/088-线条小狗动态表情包.gif
089,089-线条小狗动态表情包.gif,白狗闪亮坐姿,正面情绪,白色小狗,自然待机,高,闪光|微笑|坐姿,坐着微笑并有黄色星光闪烁,500×503,13,1.3,是,857.8,3B3A966256A537E64D07DC09EBDDD49DBDF2D9D06202832715E6671C5D782F8E,assets/source/线条小狗 表情包图合集/线条小狗 动态表情包 200张/089-线条小狗动态表情包.gif
090,090-线条小狗动态表情包.gif,白狗吹吻爱心,爱心表达,白色小狗,好感互动,高,飞吻|爱心|示爱,连续从手中吹出粉色爱心,500×496,8,0.8,是,814.7,0236640A84C4F00B8123723A163481D37CD3EB7D94F330BBF18CA0A8EA8CE0CE,assets/source/线条小狗 表情包图合集/线条小狗 动态表情包 200张/090-线条小狗动态表情包.gif
091,091-线条小狗动态表情包.gif,白狗紧张冒汗,负面情绪,白色小狗,紧张状态,高,冒汗|紧张|发抖,捂脸紧张并持续冒出汗滴,500×507,5,0.5,是,856.8,4EDA1D1A0BF75ACF6A4122052EB2F40C03F49A38FF7B74C58206E090107BB2AF,assets/source/线条小狗 表情包图合集/线条小狗 动态表情包 200张/091-线条小狗动态表情包.gif
092,092-线条小狗动态表情包.gif,白狗左右尖叫,互动反馈,白色小狗,受惊反馈,高,尖叫|左右摇|惊讶,张嘴尖叫并左右大幅摇动,500×498,18,1.8,是,723.1,EBC9E8AE291969569C7316F461DD1ECE97037D280B1D3D4E1BF986AC055DD514,assets/source/线条小狗 表情包图合集/线条小狗 动态表情包 200张/092-线条小狗动态表情包.gif
093,093-线条小狗动态表情包.gif,白狗左右扭动,待机动作,白色小狗,特殊待机,高,扭动|踏步|白狗,身体左右交替扭动并轻微踏步,500×508,16,1.6,是,729.9,972002109A43E4A161C624E6A7B1004BAFAEDE3F28BDB918DDB47B554485F68B,assets/source/线条小狗 表情包图合集/线条小狗 动态表情包 200张/093-线条小狗动态表情包.gif
094,094-线条小狗动态表情包.gif,坐软垫发呆,待机动作,白色小狗,休息待机,高,软垫|坐姿|发呆,坐在黄色软垫上轻轻摇晃,500×504,14,1.4,是,891.7,3D8EF1C7E5C9CC7325DE168D2CC3B4D295507EE3B8253F768AA7CCB3146F247E,assets/source/线条小狗 表情包图合集/线条小狗 动态表情包 200张/094-线条小狗动态表情包.gif
095,095-线条小狗动态表情包.gif,难过擦泪,负面情绪,白色小狗,低心情状态,高,擦泪|难过|抽泣,坐着哭泣并抬手擦眼泪,500×499,37,3.7,是,735.1,0BFBF98474A2EC33A0D16A1D63F695D67FE5D8C4A274698777C5E6A5AB52F962,assets/source/线条小狗 表情包图合集/线条小狗 动态表情包 200张/095-线条小狗动态表情包.gif
096,096-线条小狗动态表情包.gif,双宠依偎亲吻,双宠互动,白色加黄色双宠,伙伴待机,中,依偎|亲吻|爱心,黄色和白色小狗坐在一起依偎亲吻,500×501,32,3.2,是,773.8,51F802A3227915537838515DB89170CDD8290D9A374956B93E9DFDA5252A3BA1,assets/source/线条小狗 表情包图合集/线条小狗 动态表情包 200张/096-线条小狗动态表情包.gif
097,097-线条小狗动态表情包.gif,贴地翻滚,移动出行,白色小狗,随机横向巡游,高,蜷缩|贴地|翻滚|左右移动,白色小狗蜷缩身体贴地翻滚,500×505,18,1.8,是,721.8,CC63AAEBB02F0EF0DBD1CC23FAD1AC21716F111F30FE3A482F7B7334087E71B0,assets/source/线条小狗 表情包图合集/线条小狗 动态表情包 200张/097-线条小狗动态表情包.gif
098,098-线条小狗动态表情包.gif,给伙伴按摩擦拭,双宠互动,白色加黄色双宠,伙伴互动,低,按摩|擦拭|趴地,白色小狗在趴着的黄色小狗背上来回动作,500×500,7,0.7,是,707.5,A5DFEFEE960A9E4286337606BC49F8D2BCCD4AA6BE4707EF589CEF12ABA556F6,assets/source/线条小狗 表情包图合集/线条小狗 动态表情包 200张/098-线条小狗动态表情包.gif
099,099-线条小狗动态表情包.gif,叠罐子杂技,双宠互动,白色加黄色双宠,搞怪互动,低,罐子|堆叠|杂技,白色小狗把红色罐子叠在黄色小狗头上,500×506,32,3.2,是,758.9,F3A9F55EC8E400252E00DDD5286FDEDB95DA6A2BA99C83C50A1CC1822F4DED2E,assets/source/线条小狗 表情包图合集/线条小狗 动态表情包 200张/099-线条小狗动态表情包.gif
100,100-线条小狗动态表情包.gif,伙伴坐头顶,双宠互动,白色加黄色双宠,搞怪互动,低,头顶|坐着|双宠,黄色小狗坐在白色小狗头顶使其发抖,500×507,37,3.7,是,760.4,8203F075585632678961A2425B8B8C9528B4F0426483C21C8301E7E4B3B9BE72,assets/source/线条小狗 表情包图合集/线条小狗 动态表情包 200张/100-线条小狗动态表情包.gif
101,101-线条小狗动态表情包.gif,滚出来了,互动反馈,白色小狗,轻微待机,高,滚动|出现|起身,白色小狗缩成一团滚动后重新站起来,500×507,36,3.6,是,824.1,60D9821AF199CC28F6333EB63640510E060CD75714097F9E7E6FC50BC110B98B,assets/source/线条小狗 表情包图合集/线条小狗 动态表情包 200张/101-线条小狗动态表情包.gif
102,102-线条小狗动态表情包.gif,黄狗卧床休息,睡眠休息,黄色垂耳狗,生病状态,中,床铺|被子|休息,躺在床上盖着白色被子缓慢呼吸,170×170,10,0.7,是,717.7,366EB2CF4AB9C955F96A5B5D664914CD974F817CB708A99F2CB919271CA79AB3,assets/source/线条小狗 表情包图合集/线条小狗 动态表情包 200张/102-线条小狗动态表情包.gif
103,103-线条小狗动态表情包.gif,白狗墙后探头,待机动作,白色小狗,屏幕边缘探头,高,墙壁|探头|屏幕边缘|镜像,白色小狗从灰色墙后探头；右边缘用原图，左边缘水平镜像,170×170,42,2.94,是,786.9,62C5EB25B2286C5AC2E6EFD828147E93002B39E9BE6D627F30D4EB52DF3FC34F,assets/source/线条小狗 表情包图合集/线条小狗 动态表情包 200张/103-线条小狗动态表情包.gif
104,104-线条小狗动态表情包.gif,黄狗墙后探头,待机动作,黄色垂耳狗,特殊待机,中,墙后|探头|躲藏,从灰色墙后反复探头观察,170×170,45,3.15,是,733.9,85A88FEEB7F9E44F822C805E389935DCF5A162EF38D92A0165A16E841878E7C6,assets/source/线条小狗 表情包图合集/线条小狗 动态表情包 200张/104-线条小狗动态表情包.gif
105,105-线条小狗动态表情包.gif,白狗花盆后躲藏,待机动作,白色小狗,边缘躲藏,高,花盆|躲藏|探头|镜像,躲在绿色盆栽后从左向右探头；位于屏幕右边缘时水平镜像,170×170,39,2.73,是,822.5,6E4F9D42AEE55EEE7FABF3FF7804F36E835A89AE86A2FAF4B0C7CDFA4FFD2EA8,assets/source/线条小狗 表情包图合集/线条小狗 动态表情包 200张/105-线条小狗动态表情包.gif
106,106-线条小狗动态表情包.gif,黄狗花盆后躲藏,待机动作,黄色垂耳狗,特殊待机,中,花盆|躲藏|探头,躲在绿色盆栽后左右探头,170×170,53,3.71,是,861.0,514E9CAB395B2573391398A58BAEAABBCE4ED4B35DCC7DC4273B4E88058D6D7E,assets/source/线条小狗 表情包图合集/线条小狗 动态表情包 200张/106-线条小狗动态表情包.gif
107,107-线条小狗动态表情包.gif,生气狂吠,负面情绪,白色小狗,生气反馈,高,生气|狂吠|愤怒,白色小狗趴地后抬头生气狂吠,150×150,20,2.0,是,748.8,0CE7D4B9029A3FD2812B38D2E2EDCB4969271DD290D43976B5B4517F3222E6C0,assets/source/线条小狗 表情包图合集/线条小狗 动态表情包 200张/107-线条小狗动态表情包.gif
108,108-线条小狗动态表情包.gif,举手缩放弹跳,互动反馈,白色小狗,点击互动,高,举手|缩放|弹跳,举手伸长后缩小并回弹,150×150,18,0.9,是,857.8,51BA32BB36906D9306407CEAA846AD484A14D84B1528D4C9BF75FBF22B0DD018,assets/source/线条小狗 表情包图合集/线条小狗 动态表情包 200张/108-线条小狗动态表情包.gif
109,109-线条小狗动态表情包.gif,反复翻滚,移动出行,白色小狗,拖拽下落,高,翻滚|旋转|拖拽,白色小狗在空中反复翻滚旋转,150×150,20,2.0,是,783.0,5012A5B091FB30D28D1F0141CD7FEBA29D27DC57CA861310614192564CA0ED36,assets/source/线条小狗 表情包图合集/线条小狗 动态表情包 200张/109-线条小狗动态表情包.gif
110,110-线条小狗动态表情包.gif,扯床单,日常生活,白色小狗,场景待机,高,床单|拉扯|布料,白色小狗反复拉扯蓝色床单,150×150,16,2.0,是,861.3,BA7DCB41B7B3F68C3C09F8889356AA7B05C2CDADF6581D7314A68B47C175E098,assets/source/线条小狗 表情包图合集/线条小狗 动态表情包 200张/110-线条小狗动态表情包.gif
111,111-线条小狗动态表情包.gif,白狗张嘴小惊讶,互动反馈,白色小狗,点击互动,高,惊讶|张嘴|白狗,白色小狗站在原地轻轻张嘴，适合作为点击时的小惊讶反馈,150×150,6,1.98,是,812.5,100546A7FD10BF870391338625BE6B4AF4056AC9212EB345CC6FBDCD4EFD5AF5,assets/source/线条小狗 表情包图合集/线条小狗 动态表情包 200张/111-线条小狗动态表情包.gif
112,112-线条小狗动态表情包.gif,双宠并肩贴贴,双宠互动,白色加黄色双宠,伙伴待机,中,并肩|贴贴|双宠,白色和黄色小狗并肩轻轻贴近,150×150,8,0.96,是,783.8,F002EFF2F0A8289AB0A26CD45D5B6E2D5F835A3A1A4784F0D9464A38EBE93646,assets/source/线条小狗 表情包图合集/线条小狗 动态表情包 200张/112-线条小狗动态表情包.gif
113,113-线条小狗动态表情包.gif,压扁发抖,互动反馈,白色小狗,拖拽落地,高,压扁|发抖|落地,身体贴地压扁并持续震动,150×149,10,1.0,是,771.2,37B144E2F018F66EABB9D42C4C76A9FFB5232469083BCACE98B781B0A1C0D43A,assets/source/线条小狗 表情包图合集/线条小狗 动态表情包 200张/113-线条小狗动态表情包.gif
114,114-线条小狗动态表情包.gif,风中凌乱,环境状态,白色小狗,大风天气,高,大风|凌乱|吹动,白色小狗被强风吹得浑身凌乱,150×150,20,2.0,是,715.6,B72F7815FD2E0685F78E21EA0D0DDD97EDBA1A185E4356B465B4C59D76F8CBBE,assets/source/线条小狗 表情包图合集/线条小狗 动态表情包 200张/114-线条小狗动态表情包.gif
115,115-线条小狗动态表情包.gif,电脑办公,工作学习,白色小狗,工作状态,高,电脑|办公|工作,白色小狗趴在电脑前认真办公,150×150,16,2.92,是,884.7,554A95E28ECBD17F196677548243415AF4792BE3B8E9883B14BFB0588CC5FB34,assets/source/线条小狗 表情包图合集/线条小狗 动态表情包 200张/115-线条小狗动态表情包.gif
116,116-线条小狗动态表情包.gif,歪头甩耳,待机动作,白色小狗,自然待机,高,歪头|甩耳|眨眼,坐姿歪头并甩动耳朵,150×150,20,2.0,是,847.0,C64F4739892E7E723E25B07FEF1D8C6D155DCE57CBAC8DF9C94D9CCE9DDC43D8,assets/source/线条小狗 表情包图合集/线条小狗 动态表情包 200张/116-线条小狗动态表情包.gif
117,117-线条小狗动态表情包.gif,趴卧远近缩放,待机动作,白色小狗,休息待机,高,趴卧|缩放|休息,趴着时在远近大小间变化,150×149,15,2.0,是,805.4,D9A092AE266CE1679CE3DC2452BF4E024EA5D4413C5960CB14A73E1577F0578A,assets/source/线条小狗 表情包图合集/线条小狗 动态表情包 200张/117-线条小狗动态表情包.gif
118,118-线条小狗动态表情包.gif,坐姿低头打盹,睡眠休息,白色小狗,困倦待机,高,低头|打盹|坐姿,坐着反复低头打瞌睡,250×250,51,4.59,是,776.4,E0B98C33A1651AE75CD574E9C7B2E17F2A2186BBCB687F819F5B11F07C26AEEA,assets/source/线条小狗 表情包图合集/线条小狗 动态表情包 200张/118-线条小狗动态表情包.gif
119,119-线条小狗动态表情包.gif,站立呼吸摇摆,待机动作,白色小狗,基础待机,高,呼吸|站立|摇摆,站立状态左右轻摆并呼吸,250×250,42,3.36,是,860.0,E6FE6F0D93084B57B58DB44631684BF640C17698CAF06C8D37798269A43B5732,assets/source/线条小狗 表情包图合集/线条小狗 动态表情包 200张/119-线条小狗动态表情包.gif
120,120-线条小狗动态表情包.gif,合掌哭泣,负面情绪,白色小狗,请求反馈,高,合掌|哭泣|请求,坐着合掌请求并流泪,250×250,46,3.68,是,799.2,435D3A94D4A46A0088D1090E8AAFD3E2D7F86FFFFE74161997176605B5760877,assets/source/线条小狗 表情包图合集/线条小狗 动态表情包 200张/120-线条小狗动态表情包.gif
121,121-线条小狗动态表情包.gif,向伙伴哭诉扑抱,双宠互动,白色加黄色双宠,伙伴互动,低,哭诉|扑抱|双宠,白色小狗哭着扑向黄色小狗后一起坐下,250×250,50,4.0,是,880.6,A0D9DBF6704027C4991F5863B776A901C2D134DB7751BF3FE9360D19819FE7CB,assets/source/线条小狗 表情包图合集/线条小狗 动态表情包 200张/121-线条小狗动态表情包.gif
122,122-线条小狗动态表情包.gif,快速弹跳奔跑,移动出行,白色小狗,移动动作,高,弹跳|奔跑|冲刺,身体拉长缩短并快速向前弹跳,250×250,12,0.96,是,779.8,327349CD94A847880410AB57A0D8C007A3592C00506539A0ADEBFBEB09C1F883,assets/source/线条小狗 表情包图合集/线条小狗 动态表情包 200张/122-线条小狗动态表情包.gif
123,123-线条小狗动态表情包.gif,左右踏步摇摆,待机动作,白色小狗,自然待机,高,踏步|摇摆|站立,站立时左右交替踏步摇摆,250×250,22,1.54,是,811.0,293F3AB68216BE559DDCCCBE920FB6B95FB8C7DDF587287D61C6FC6FD00C968F,assets/source/线条小狗 表情包图合集/线条小狗 动态表情包 200张/123-线条小狗动态表情包.gif
124,124-线条小狗动态表情包.gif,彩色聚光灯站台,音乐娱乐,白色小狗,舞台状态,中,聚光灯|彩色|舞台,站在不断变色的聚光灯下摆姿势,150×150,7,0.56,是,702.7,967313BE8C2D2BE212DF56731D731D8857FD4F14FDB8AAE4712D388F308E6DF2,assets/source/线条小狗 表情包图合集/线条小狗 动态表情包 200张/124-线条小狗动态表情包.gif
125,125-线条小狗动态表情包.gif,摇沙锤唱歌,音乐娱乐,白色小狗,音乐互动,高,沙锤|唱歌|音乐,双手摇动彩色沙锤随音乐摆动,150×150,13,0.91,是,843.3,BEC166134D9708BF9948135C641DF8C79C92CE0E522B6ADA52002E9D28ED5FD0,assets/source/线条小狗 表情包图合集/线条小狗 动态表情包 200张/125-线条小狗动态表情包.gif
126,126-线条小狗动态表情包.gif,手持爱心跳舞,爱心表达,白色小狗,好感互动,高,爱心|跳舞|双手,双手拿爱心左右跳舞,150×150,10,1.0,是,880.1,CA25FBE097E0923A16F4FCE9E5434A4CB69F35DCCCDFA87CBC0B3CBBE3F651B2,assets/source/线条小狗 表情包图合集/线条小狗 动态表情包 200张/126-线条小狗动态表情包.gif
127,127-线条小狗动态表情包.gif,蜷成球滚动,互动反馈,白色小狗,拖拽下落,高,滚动|蜷缩|球形,身体蜷缩成球并翻滚后展开,150×150,32,3.2,是,757.1,E6ED124EEB260D5716DF203C1DD9BCA3C229792A8DB4D134E9ABABA2F0488B1A,assets/source/线条小狗 表情包图合集/线条小狗 动态表情包 200张/127-线条小狗动态表情包.gif
128,128-线条小狗动态表情包.gif,大狗与幼崽互动,伙伴互动,白色大小双狗,养成互动,中,幼崽|星星|互动,大白狗与小白狗靠近并出现星光反馈,150×150,10,1.0,是,740.0,09D7A5D93EDA351C3819927C6CC9F11250164E710ED63A19749DD4FA1C64D1F7,assets/source/线条小狗 表情包图合集/线条小狗 动态表情包 200张/128-线条小狗动态表情包.gif
129,129-线条小狗动态表情包.gif,小丑独轮车,节日庆祝,白色小狗,特殊移动,中,小丑|独轮车|彩纸,戴小丑帽骑独轮车并撒出彩纸,150×150,35,3.15,是,828.8,33E331BC3CD8E4533B82654B37879DA4DA74B20DB0D2E0C0E1C52482D636452D,assets/source/线条小狗 表情包图合集/线条小狗 动态表情包 200张/129-线条小狗动态表情包.gif
130,130-线条小狗动态表情包.gif,吐舌卖萌,待机动作,白色小狗,自然待机,高,吐舌|卖萌|表情,站立并周期性吐舌做鬼脸,150×150,22,2.2,是,703.8,C1E51DDC86B875501EE9D05C02362F6E0C4A496C76E202463381C0A8ADD15F24,assets/source/线条小狗 表情包图合集/线条小狗 动态表情包 200张/130-线条小狗动态表情包.gif
131,131-线条小狗动态表情包.gif,流鼻涕,健康状态,白色小狗,生病状态,高,流鼻涕|感冒|生病,白色小狗坐着不断流鼻涕,150×150,21,2.1,是,733.6,A1CD7202E87A76F83CF4B0802EDD4CB78195779E8B79BD5280837177442EB9A0,assets/source/线条小狗 表情包图合集/线条小狗 动态表情包 200张/131-线条小狗动态表情包.gif
132,132-线条小狗动态表情包.gif,转身背影变暗,待机动作,白色小狗,特殊待机,高,转身|背影|阴影,从正面慢慢转成背影并出现阴影,150×150,28,2.52,是,853.4,219AE4CB5AC2BBE0207FC0D28FDBF191A0EA99D5443E32D7786536C2960D05C0,assets/source/线条小狗 表情包图合集/线条小狗 动态表情包 200张/132-线条小狗动态表情包.gif
133,133-线条小狗动态表情包.gif,原地奔跑,移动出行,黄色立耳狗,移动动作,中,奔跑|原地|冲刺,保持正面姿态快速原地跑动,170×170,10,0.7,是,764.7,51A41EE865EA2D0B8684762B09F4D932519D1DA6E59EAB416A2C2B491EE0F3C6,assets/source/线条小狗 表情包图合集/线条小狗 动态表情包 200张/133-线条小狗动态表情包.gif
134,134-线条小狗动态表情包.gif,花朵中羞涩摇头,正面情绪,白色小狗,抚摸反馈,高,花朵|羞涩|摇头,粉色花朵出现时闭眼轻轻摇头,150×150,17,1.36,是,744.4,6DDC1FAFD95C55757A0E3C46A786F27705A67DF58959513C6774FC12C64BC201,assets/source/线条小狗 表情包图合集/线条小狗 动态表情包 200张/134-线条小狗动态表情包.gif
135,135-线条小狗动态表情包.gif,蜷缩起身翻滚,互动反馈,白色小狗,受击恢复,高,蜷缩|起身|翻滚,先蜷缩在地再站起并侧翻,150×150,32,3.2,是,859.8,42D771EFCA022E7D2562F5422C00AFA7D80C1B111201D5564805D4B2A6350FE2,assets/source/线条小狗 表情包图合集/线条小狗 动态表情包 200张/135-线条小狗动态表情包.gif
136,136-线条小狗动态表情包.gif,双宠追逐跑,双宠互动,白色加黄色双宠,移动动作,中,追逐|奔跑|双宠,白色和黄色小狗前后追逐奔跑,150×150,32,2.88,是,767.7,8933745C997375B4D66ACA58B45CDD93C004C1B6D5D8E8373573014F80BBBA59,assets/source/线条小狗 表情包图合集/线条小狗 动态表情包 200张/136-线条小狗动态表情包.gif
137,137-线条小狗动态表情包.gif,星星魔法棒,装扮特效,黄色立耳狗,特殊互动,中,魔法棒|星星|挥动,挥舞星星魔法棒并左右摆动,170×170,44,3.08,是,898.7,FAC05511E82FF83EA284704748B4E13294760BE7DC69861D87181E192842990B,assets/source/线条小狗 表情包图合集/线条小狗 动态表情包 200张/137-线条小狗动态表情包.gif
138,138-线条小狗动态表情包.gif,白狗接电话,日常生活,白色小狗,消息提醒,高,电话|接听|气泡,举手接听电话并显示电话气泡,360×360,12,1.2,是,764.8,4493B4079B0B8F264CB81BE5C69DA2701249AA0CC79E90C9D69BD6F946818024,assets/source/线条小狗 表情包图合集/线条小狗 动态表情包 200张/138-线条小狗动态表情包.gif
139,139-线条小狗动态表情包.gif,黄狗接电话,日常生活,黄色立耳狗,消息提醒,中,电话|接听|气泡,举手接听电话并显示电话气泡,360×360,12,1.2,是,848.6,4731F6F90ECC7C39C6F50A433A3301645176EB02ABFCB49306BF0935398D9E4E,assets/source/线条小狗 表情包图合集/线条小狗 动态表情包 200张/139-线条小狗动态表情包.gif
140,140-线条小狗动态表情包.gif,双宠一起哭泣,双宠互动,白色加黄色双宠,低心情状态,中,哭泣|陪伴|双宠,两只小狗并排坐着流泪互相陪伴,640×640,21,3.11,是,788.7,DBEBBDCF8484773ECDFAAA019479826C2E18CC9F77EC7842BB1C48B19B16BF5E,assets/source/线条小狗 表情包图合集/线条小狗 动态表情包 200张/140-线条小狗动态表情包.gif
141,141-线条小狗动态表情包.gif,给伙伴摸头按摩,双宠互动,白色加黄色双宠,伙伴互动,中,摸头|按摩|安慰,白色小狗站在黄色小狗身后反复摸头,150×150,10,1.0,是,808.8,E0A623562C99408C76C78FE05FB70E9E9A504DEE7179F9412ECA3559DAA6200E,assets/source/线条小狗 表情包图合集/线条小狗 动态表情包 200张/141-线条小狗动态表情包.gif
142,142-线条小狗动态表情包.gif,起床伸懒腰,睡眠休息,黄色垂耳狗,起床状态,中,起床|被窝|伸懒腰,从被窝坐起后伸展身体再躺下,250×250,39,4.2,是,813.0,BA7BCAA675CE0DD5C5845507BFC20CF2E41E1B87622D30DF6C850F6CA8E48E10,assets/source/线条小狗 表情包图合集/线条小狗 动态表情包 200张/142-线条小狗动态表情包.gif
143,143-线条小狗动态表情包.gif,白狗转椅旋转,待机动作,白色小狗,工作待机,高,转椅|旋转|坐姿,坐在蓝色高脚转椅上旋转一周,640×640,8,0.8,是,817.8,F9E4BE5CC93CC161B5BAE21A853632DE5CCEB906C5D4DE7A03B6339D9C5A23C4,assets/source/线条小狗 表情包图合集/线条小狗 动态表情包 200张/143-线条小狗动态表情包.gif
144,144-线条小狗动态表情包.gif,黄狗转椅旋转,待机动作,黄色垂耳狗,工作待机,中,转椅|旋转|坐姿,坐在蓝色高脚转椅上旋转一周,640×640,19,1.83,是,760.5,B88876D37FA28DF78F9B0C6E741C7BB31FD74D99EFDEF33F7F83D2D3D52A555B,assets/source/线条小狗 表情包图合集/线条小狗 动态表情包 200张/144-线条小狗动态表情包.gif
145,145-线条小狗动态表情包.gif,绿色能量罩变形,装扮特效,白色小狗,特殊状态,中,能量罩|绿色|变形,在绿色圆形能量罩中伸缩变形,360×360,12,0.96,是,757.3,4F68E4A0E3F59F337452CDFE62884E477DF27ACE6DE3D7456230C9B5773BFA2B,assets/source/线条小狗 表情包图合集/线条小狗 动态表情包 200张/145-线条小狗动态表情包.gif
146,146-线条小狗动态表情包.gif,彩灯下蹲起舞,音乐娱乐,白色小狗,舞台状态,中,彩灯|下蹲|跳舞,在彩色聚光灯下蹲起摆动,360×360,16,1.28,是,879.1,4542997CD00747EF3DFF84F4A47FA304763A35C4F5BA6B382D7F8D0D7EEAAE54,assets/source/线条小狗 表情包图合集/线条小狗 动态表情包 200张/146-线条小狗动态表情包.gif
147,147-线条小狗动态表情包.gif,坐桌前吃饭,食物进食,白色小狗,喂食互动,高,吃饭|餐桌|饭碗,坐在桌前拿餐具吃盘中的食物,320×300,14,1.96,是,718.6,7BC380DB1028B303DEB63208F84BC7BEDD9949E1E4FBB30F5B4F455D0594BAEA,assets/source/线条小狗 表情包图合集/线条小狗 动态表情包 200张/147-线条小狗动态表情包.gif
148,148-线条小狗动态表情包.gif,上班中,工作学习,白色小狗,工作状态,高,上班|电脑|办公,白色小狗坐在电脑前持续上班,360×360,12,1.2,是,836.2,324722817791162F96DD6820848E6CF7661E24C74D96C0CCFC7AE317A7523A9B,assets/source/线条小狗 表情包图合集/线条小狗 动态表情包 200张/148-线条小狗动态表情包.gif
149,149-线条小狗动态表情包.gif,玩手柄游戏,日常生活,白色小狗,休闲待机,高,手柄|游戏|沙发,白色小狗坐在黄色沙发上玩手柄游戏,360×360,14,3.38,是,706.0,EDF9D519D0040730156E9F528D8A6154DECBE489A7626FF1667ABB0ABDD7C0A5,assets/source/线条小狗 表情包图合集/线条小狗 动态表情包 200张/149-线条小狗动态表情包.gif
150,150-线条小狗动态表情包.gif,发烧卧床,健康状态,白色小狗,生病状态,高,发烧|冰袋|卧床,盖被卧床并在头上敷冰袋休息,320×300,16,1.92,是,791.8,4D68062CBEBA4B5E7C8B5CAF30986E0206A3FAE7E80A4BA3C2DF9F1DCE7AF6F7,assets/source/线条小狗 表情包图合集/线条小狗 动态表情包 200张/150-线条小狗动态表情包.gif
151,151-线条小狗动态表情包.gif,生日帽彩纸舞,节日庆祝,白色小狗,生日事件,高,生日帽|彩纸|跳舞,戴生日帽在彩纸中扭动庆祝,320×300,14,0.98,是,733.6,E33055708046B73D7B4B34EE7EDDE51DC41292A94918F83AA9E2E07A4BF06472,assets/source/线条小狗 表情包图合集/线条小狗 动态表情包 200张/151-线条小狗动态表情包.gif
152,152-线条小狗动态表情包.gif,看手机爱心喷发,爱心表达,白色小狗,消息互动,高,手机|爱心|喷发,看黄色手机时大量爱心从屏幕喷出,480×480,6,0.24,是,863.2,688A731F8F9414C979CC008E167A1B38B28FC51FF67B0A1B2F252B75C794C6B9,assets/source/线条小狗 表情包图合集/线条小狗 动态表情包 200张/152-线条小狗动态表情包.gif
153,153-线条小狗动态表情包.gif,黄狗看手机爱心喷发,爱心表达,黄色立耳狗,消息互动,中,手机|爱心|喷发,看紫色手机时大量爱心从屏幕喷出,480×480,5,0.15,是,708.1,417C6A2611D80453261EBF8127FE1E60C567F72028463740F6963751EFB66FD2,assets/source/线条小狗 表情包图合集/线条小狗 动态表情包 200张/153-线条小狗动态表情包.gif
154,154-线条小狗动态表情包.gif,抱伙伴看手机,双宠互动,白色加黄色双宠,伙伴互动,中,拥抱|手机|爱心,白色小狗抱着小黄狗一起看黄色手机,480×480,4,0.08,是,755.6,AB5450E7DD86E0EA0CD183A9B3CF1DC6D5B0B3E5B3DD4D2B620EC21B94CBB3FF,assets/source/线条小狗 表情包图合集/线条小狗 动态表情包 200张/154-线条小狗动态表情包.gif
155,155-线条小狗动态表情包.gif,黄狗手机爱心提示,爱心表达,黄色立耳狗,消息互动,中,手机|爱心提示|开心,看手机时头顶连续出现爱心提示,480×480,4,0.08,是,890.8,BB1C0E111BA452DE78104F8269CD1A9976E6B0FAC53AA7F4E790EB6BBA6A5A64,assets/source/线条小狗 表情包图合集/线条小狗 动态表情包 200张/155-线条小狗动态表情包.gif
156,156-线条小狗动态表情包.gif,哭着抱白色幼崽,伙伴互动,黄色垂耳狗加白色幼崽,安慰互动,中,幼崽|拥抱|哭泣,黄色大狗流泪抱紧白色幼崽,640×640,3,0.45,是,878.0,D4D2147B88324115A32A3126223698E867CE17BD40775D33CB3A51D66DD02DDF,assets/source/线条小狗 表情包图合集/线条小狗 动态表情包 200张/156-线条小狗动态表情包.gif
157,157-线条小狗动态表情包.gif,哭着抱黄色幼崽,伙伴互动,白色大狗加黄色幼崽,安慰互动,中,幼崽|拥抱|哭泣,白色大狗流泪抱紧黄色幼崽,550×533,18,2.16,是,882.8,18DEAAB1C09A8332E8BEBDE1A5F9BCB663CEE11AFB4EB57E0C9DF06066283DD7,assets/source/线条小狗 表情包图合集/线条小狗 动态表情包 200张/157-线条小狗动态表情包.gif
158,158-线条小狗动态表情包.gif,灰尘清洁刷洗,健康状态,白色小狗,清洁状态,高,灰尘|刷子|脏污,满身灰尘并拿刷子清理身旁污物,640×640,2,0.74,是,869.5,12423595245FF3023EAA5754A41FF316E531E9FFBACEE4BCF9976A8302B95110,assets/source/线条小狗 表情包图合集/线条小狗 动态表情包 200张/158-线条小狗动态表情包.gif
159,159-线条小狗动态表情包.gif,脏兮兮夜行,健康状态,黄色垂耳狗,低状态反馈,中,脏污|睡帽|夜晚,戴睡帽拖着小包且身上沾有污渍,640×640,2,1.12,是,733.5,C88330D4E0195188AAE65301CBE0F42A6C2F0F8053A34471B9792FA67EC9D2DC,assets/source/线条小狗 表情包图合集/线条小狗 动态表情包 200张/159-线条小狗动态表情包.gif
160,160-线条小狗动态表情包.gif,双宠拥抱入睡,双宠互动,白色加黄色双宠,伙伴睡眠,中,拥抱|入睡|双宠,黄色小狗抱着白色小狗安静睡觉,640×640,2,0.3,是,723.4,2107EFDD51DF05E4E8FFBEDF49CA8EB5D41EE421DD9295C053F295CFDCA446FC,assets/source/线条小狗 表情包图合集/线条小狗 动态表情包 200张/160-线条小狗动态表情包.gif
161,161-线条小狗动态表情包.gif,双宠依偎脸红,双宠互动,白色加黄色双宠,伙伴待机,中,依偎|脸红|双宠,黄色小狗依偎在白色大狗身旁并脸红,640×640,2,0.3,是,718.0,A61C1A4CD93CFC37383D1C1C0E3688B0DCA6FFA45EE9B567B682D0BA13E2AF9A,assets/source/线条小狗 表情包图合集/线条小狗 动态表情包 200张/161-线条小狗动态表情包.gif
162,162-线条小狗动态表情包.gif,白狗吃冰淇淋,食物进食,白色小狗,零食互动,高,冰淇淋|舔食|开心,抱着冰淇淋反复舔食,640×640,6,0.12,是,844.7,FC76E54669D3C63306F70878EEAE9AD4CA942792D7A6EFAB0A64EEBA1E9D167E,assets/source/线条小狗 表情包图合集/线条小狗 动态表情包 200张/162-线条小狗动态表情包.gif
163,163-线条小狗动态表情包.gif,黄狗吃冰淇淋,食物进食,黄色垂耳狗,零食互动,中,冰淇淋|舔食|开心,抱着冰淇淋反复舔食,640×640,6,0.12,是,781.4,39CCB4894B038EF836528444F81217FB367A62AD297F4C17F61A6B43C8A5F94B,assets/source/线条小狗 表情包图合集/线条小狗 动态表情包 200张/163-线条小狗动态表情包.gif
164,164-线条小狗动态表情包.gif,一起说相声,双宠互动,白色加黄色双宠,伙伴互动,中,相声|舞台|双宠,两只小狗穿着蓝色服装站在一起说相声,640×640,2,0.3,是,734.4,124F011F9852AB2D85AD53CA8BAC0779AD31822A6BA9499BE5B4F13C05522AAA,assets/source/线条小狗 表情包图合集/线条小狗 动态表情包 200张/164-线条小狗动态表情包.gif
165,165-线条小狗动态表情包.gif,节庆服装共舞,节日庆祝,白色加黄色双宠,节日皮肤,低,节庆|服装|共舞,两只小狗穿节庆服饰并排跳舞,640×640,8,2.0,是,883.6,DCCE50E3876FF94C75CB7FFE153B6A76DE5713B810EDC2552093E4693D0D9C62,assets/source/线条小狗 表情包图合集/线条小狗 动态表情包 200张/165-线条小狗动态表情包.gif
166,166-线条小狗动态表情包.gif,白狗骑滑板车,移动出行,白色小狗,移动动作,高,滑板车|帽子|骑行,戴粉色帽子骑黄色滑板车前进,640×598,12,1.3,是,881.3,4C34D6CEFC966BA4C6B01699872A3C1A83DBEB0914758C270A1727310FB2519E,assets/source/线条小狗 表情包图合集/线条小狗 动态表情包 200张/166-线条小狗动态表情包.gif
167,167-线条小狗动态表情包.gif,黄狗骑滑板车,移动出行,黄色垂耳狗,移动动作,中,滑板车|帽子|骑行,戴白色帽子骑绿色滑板车前进,640×598,13,1.3,是,730.2,1FAFDF6F9396114143F84220D1729A9627515922FB580C904FD786226113CB96,assets/source/线条小狗 表情包图合集/线条小狗 动态表情包 200张/167-线条小狗动态表情包.gif
168,168-线条小狗动态表情包.gif,吃炸鸡外卖,食物进食,黄色垂耳狗,喂食互动,低,炸鸡|外卖|进食,趴在炸鸡桶前取食并吃东西,640×640,49,4.64,是,790.4,1FDE3ACE21795DCDE28CCE33BC71EB55945FC4CE2451C5F2426AD4C21C7E0DDB,assets/source/线条小狗 表情包图合集/线条小狗 动态表情包 200张/168-线条小狗动态表情包.gif
169,169-线条小狗动态表情包.gif,黄狗扮鬼,装扮特效,黄色垂耳狗,节日装扮,低,扮鬼|幽灵|装扮,黄色小狗套着白色幽灵装扮晃动,640×632,2,0.23,是,893.6,08C8B8E55CA4788D623670B7ABDAC80BA2CA7A3749C9380067C128E87BA8D4EE,assets/source/线条小狗 表情包图合集/线条小狗 动态表情包 200张/169-线条小狗动态表情包.gif
170,170-线条小狗动态表情包.gif,白狗扮鬼,装扮特效,白色小狗,节日装扮,中,扮鬼|幽灵|装扮,白色小狗套着白色幽灵装扮晃动,640×632,2,0.3,是,766.1,9D806F532F981B7544484C3E240309E83C40F8CE8C2383BF1AA298784CEC99ED,assets/source/线条小狗 表情包图合集/线条小狗 动态表情包 200张/170-线条小狗动态表情包.gif
171,171-线条小狗动态表情包.gif,青蛙装与礼服碰杯,节日庆祝,多角色装扮,节日皮肤,低,青蛙装|礼服|碰杯,两名装扮角色举杯互动,480×480,7,1.19,是,738.5,5800D0FD6DC93F686360310742EC591E44EB8194DE10231409E0DA1667FF7332,assets/source/线条小狗 表情包图合集/线条小狗 动态表情包 200张/171-线条小狗动态表情包.gif
172,172-线条小狗动态表情包.gif,牛油果装与礼服互动,节日庆祝,多角色装扮,节日皮肤,低,牛油果装|礼服|跳跃,牛油果装角色与礼服角色互动跳跃,480×480,10,1.65,是,704.3,FE85BC221C18E89863B0A75ADB9132DAF4B322487F52D117D658B244DDF9437A,assets/source/线条小狗 表情包图合集/线条小狗 动态表情包 200张/172-线条小狗动态表情包.gif
173,173-线条小狗动态表情包.gif,新年对联生气,节日庆祝,黄色立耳狗,新年状态,低,新年|对联|生气,站在新年对联之间皱眉生气,360×360,16,1.6,是,797.2,E0F0C180F4B1C8AF7CB1ADE8DD16D1CAF7A58C996CEB86CF197C70FD0DB62FD5,assets/source/线条小狗 表情包图合集/线条小狗 动态表情包 200张/173-线条小狗动态表情包.gif
174,174-线条小狗动态表情包.gif,双宠拔河争抢,双宠互动,白色加黄色双宠,伙伴互动,中,拔河|争抢|红绳,两只小狗拉扯红色物品互不相让,640×320,8,0.5,是,863.6,DB0EADAFB271EB7E1456D7762D91C27D176418E84F32785D9DCFE10654B55B41,assets/source/线条小狗 表情包图合集/线条小狗 动态表情包 200张/174-线条小狗动态表情包.gif
175,175-线条小狗动态表情包.gif,喘气奔跑,移动出行,黄色立耳狗,移动动作,中,奔跑|喘气|汗水,吐舌冒汗快速奔跑,640×427,8,0.56,是,864.0,2B2D52633CD84A1698DA0A41008567CFA0393E3B69CBC586FABE098F37B38037,assets/source/线条小狗 表情包图合集/线条小狗 动态表情包 200张/175-线条小狗动态表情包.gif
176,176-线条小狗动态表情包.gif,弯腰拖地,日常生活,黄色立耳狗,清洁互动,中,拖把|拖地|打扫,弯腰握住拖把反复清洁地面,640×640,4,0.52,是,785.4,B99DE3FDEED31AF7D1671D1B77FC740292739E780068A65A0663C708F5DF985D,assets/source/线条小狗 表情包图合集/线条小狗 动态表情包 200张/176-线条小狗动态表情包.gif
177,177-线条小狗动态表情包.gif,黄狗新年红包,节日庆祝,黄色立耳狗,新年事件,中,红包|恭喜发财|新年,展示红包并做恭喜发财动作,640×640,10,2.45,是,890.1,C9D936AAD064E377C08C7FAEB1B9670965F7BE725187C6F165B6CDF389C552EF,assets/source/线条小狗 表情包图合集/线条小狗 动态表情包 200张/177-线条小狗动态表情包.gif
178,178-线条小狗动态表情包.gif,白狗新年红包,节日庆祝,白色小狗,新年事件,高,红包|恭喜发财|新年,展示红包并做恭喜发财动作,640×640,10,2.43,是,744.9,164B5C026AC4C3915E9F8687C1A4C883CB8AD6973740BB4DEE974305CE560A58,assets/source/线条小狗 表情包图合集/线条小狗 动态表情包 200张/178-线条小狗动态表情包.gif
179,179-线条小狗动态表情包.gif,吐舌流汗奔跑,移动出行,白色小狗,移动动作,高,奔跑|吐舌|流汗,吐舌流汗并快速跑动,640×427,8,0.56,是,725.8,7E7EA31A7315E97DA2C09E56F9E80F175C7CA1EB992EBE8DA568D74DE3629600,assets/source/线条小狗 表情包图合集/线条小狗 动态表情包 200张/179-线条小狗动态表情包.gif
180,180-线条小狗动态表情包.gif,白狗牛仔弹吉他,音乐娱乐,白色小狗,音乐互动,高,牛仔帽|吉他|音乐,戴牛仔帽弹奏吉他并出现音符,550×544,18,1.8,是,774.9,BB94BD9572ECC99C4C359C10D5194CECFD92272E977D662FA62B976850002C16,assets/source/线条小狗 表情包图合集/线条小狗 动态表情包 200张/180-线条小狗动态表情包.gif
181,181-线条小狗动态表情包.gif,黄狗牛仔弹吉他,音乐娱乐,黄色立耳狗,音乐互动,中,牛仔帽|吉他|音乐,戴牛仔帽弹奏吉他并出现音符,480×434,6,0.6,是,718.5,2358CDC53ED98309F6D5D97BD1A3993A96DC7EAE0FCF0B84C562E2FF5B3DC7A9,assets/source/线条小狗 表情包图合集/线条小狗 动态表情包 200张/181-线条小狗动态表情包.gif
182,182-线条小狗动态表情包.gif,骑马,移动出行,白色小狗,随机横向巡游,高,骑马|奔跑|移动,白色小狗骑着彩色小马向前移动,640×602,2,0.14,是,790.0,EBB1C493FD1A3BC52D699D0504ABCB57A5B25A3103E7DB5726B1E8D9E1C50CBB,assets/source/线条小狗 表情包图合集/线条小狗 动态表情包 200张/182-线条小狗动态表情包.gif
183,183-线条小狗动态表情包.gif,戴耳机听音乐,音乐娱乐,黄色立耳狗,自然待机,中,耳机|音乐|跳舞,戴耳机随音符左右摆动,300×300,20,1.6,是,881.5,349DF228980E50B81D42240FA9E676D5B54F37F69D932B186682F54BB113B16D,assets/source/线条小狗 表情包图合集/线条小狗 动态表情包 200张/183-线条小狗动态表情包.gif
184,184-线条小狗动态表情包.gif,趴地哭泣被安慰,伙伴互动,黄色垂耳狗加白色伙伴,安慰互动,中,哭泣|安慰|摸头,黄色小狗趴地哭泣并被白色伙伴摸头,640×640,4,0.32,是,768.8,CF3CB78A1860B99223385286899F48A4C6850D28037BEED5F696DF70ADD71DB6,assets/source/线条小狗 表情包图合集/线条小狗 动态表情包 200张/184-线条小狗动态表情包.gif
185,185-线条小狗动态表情包.gif,绿色方框律动,音乐娱乐,黄色立耳狗,特殊待机,低,绿色框|律动|摇摆,在绿色方形背景中闭眼左右律动,400×400,12,1.2,是,782.6,257A7824A705D456DE7730C580C42B6BFA3406614478EC30190E087CB1AB112E,assets/source/线条小狗 表情包图合集/线条小狗 动态表情包 200张/185-线条小狗动态表情包.gif
186,186-线条小狗动态表情包.gif,丘比特射箭,装扮特效,黄色立耳狗,好感互动,中,丘比特|弓箭|爱心,背着翅膀拉弓射出爱心箭,479×480,9,0.99,是,762.7,D2CFD3DBA06F5AEED86FE4573D28654EE4ACC337F6D64A05360151580FD094F9,assets/source/线条小狗 表情包图合集/线条小狗 动态表情包 200张/186-线条小狗动态表情包.gif
187,187-线条小狗动态表情包.gif,脸型耳朵变换,搞怪动作,黄色多形态,皮肤变化,低,变脸|耳朵|形态,脸型和耳朵在多种犬类形态间切换,360×360,10,3.5,是,844.6,DD63DA07673A558872869A4342F6C57DE69132D39EDDC45023EBDB4562EB81FC,assets/source/线条小狗 表情包图合集/线条小狗 动态表情包 200张/187-线条小狗动态表情包.gif
188,188-线条小狗动态表情包.gif,抱花转身献花,爱心表达,黄色垂耳狗,好感互动,中,鲜花|转身|献花,转身后拿出一束黄色鲜花展示,360×360,9,2.7,是,801.6,BE1969F4975E661E966D5A789B5C1040657C4FBD8499C15C064D6817E82BB225,assets/source/线条小狗 表情包图合集/线条小狗 动态表情包 200张/188-线条小狗动态表情包.gif
189,189-线条小狗动态表情包.gif,呕吐不舒服,健康状态,黄色垂耳狗,生病状态,中,呕吐|流泪|不适,趴下后对着地面呕吐并流泪,360×360,19,3.6,是,814.9,0E7F8DB84590D1FE2E6619C19D91466EEDF28FFE1AECD8A518AA7144C1758503,assets/source/线条小狗 表情包图合集/线条小狗 动态表情包 200张/189-线条小狗动态表情包.gif
190,190-线条小狗动态表情包.gif,舔嘴开心闪光,正面情绪,黄色垂耳狗,喂食反馈,中,舔嘴|开心|闪光,舔嘴露出开心表情并出现闪光,360×360,13,2.3,是,899.9,434310F16EC455279A65317B7EEAF8D5F65E1A6EE34C8C2156BAE13D51C07DAE,assets/source/线条小狗 表情包图合集/线条小狗 动态表情包 200张/190-线条小狗动态表情包.gif
191,191-线条小狗动态表情包.gif,病号服咳嗽吃药,健康状态,黄色垂耳狗,生病状态,中,病号服|咳嗽|药碗,穿粉色病号服端碗咳嗽或吃药,360×360,19,2.3,是,825.3,3CF2DFAA2C851827B54F82BC6367C5F5B4CC7E85BFB58CF8725B6128BCBA854D,assets/source/线条小狗 表情包图合集/线条小狗 动态表情包 200张/191-线条小狗动态表情包.gif
192,192-线条小狗动态表情包.gif,害怕发冷颤抖,健康状态,黄色垂耳狗,寒冷状态,中,颤抖|发冷|害怕,抱住身体流泪并持续发抖,360×360,16,1.6,是,875.0,312915DE4C8863D5114DB8E2B27A9A51444C7FDF5DBFE6C0C1BE25B685795A2B,assets/source/线条小狗 表情包图合集/线条小狗 动态表情包 200张/192-线条小狗动态表情包.gif
193,193-线条小狗动态表情包.gif,放屁挪步,搞怪动作,黄色立耳狗,搞怪待机,低,放屁|烟雾|挪步,侧身挪动并在身后留下烟雾,360×360,16,1.6,是,809.8,BA849932C8AC96809FDF34C56BD6D994079D9A76CF3826D0BD5E9F8FCA0137D7,assets/source/线条小狗 表情包图合集/线条小狗 动态表情包 200张/193-线条小狗动态表情包.gif
194,194-线条小狗动态表情包.gif,婴儿装摇奶瓶,养成互动,黄色立耳狗,幼年皮肤,低,婴儿装|奶瓶|摇动,穿婴儿围兜抱着奶瓶左右摇动,360×360,22,2.2,是,768.6,36E780E35A10DB3BA483DBC4F8ABF3EEE03A92270C49C6BF1A752F334FD17DAA,assets/source/线条小狗 表情包图合集/线条小狗 动态表情包 200张/194-线条小狗动态表情包.gif
195,195-线条小狗动态表情包.gif,书桌写作学习,工作学习,黄色垂耳狗,学习状态,中,书桌|写字|学习,戴头巾坐在书桌前翻书写字,360×360,20,2.0,是,794.1,B987CA529B77A6D822B604D8BA7E592EF04AEB875452FB6D8230472386AECC76,assets/source/线条小狗 表情包图合集/线条小狗 动态表情包 200张/195-线条小狗动态表情包.gif
196,196-线条小狗动态表情包.gif,抱锅烹饪,食物进食,黄色立耳狗,烹饪互动,中,锅|烹饪|蒸汽,抱着冒热气的锅查看食物,448×448,20,2.0,是,723.3,FBEE104C21C997D3E8F0B41A085EBBD6861C1BCA50E8245C1343E6C65C1E27A2,assets/source/线条小狗 表情包图合集/线条小狗 动态表情包 200张/196-线条小狗动态表情包.gif
197,197-线条小狗动态表情包.gif,切菜做饭,食物进食,黄色立耳狗,烹饪互动,中,切菜|蔬菜|做饭,拿刀切绿色蔬菜并把菜叶抛起,640×640,14,1.36,是,703.2,1D98C903FFD49299E73D2D00A6ED2C0E7164D6862D97721930FEE52CDE7D0E30,assets/source/线条小狗 表情包图合集/线条小狗 动态表情包 200张/197-线条小狗动态表情包.gif
198,198-线条小狗动态表情包.gif,被伙伴堆包围,双宠互动,白色加多只黄色狗,高好感事件,低,伙伴堆|包围|群体,白色小狗被许多黄色小狗包围在中间,480×480,2,0.28,是,813.6,A9E2A35018FCAC617782390BD4594E620125AC52F679AAD2C2117766EC0A749B,assets/source/线条小狗 表情包图合集/线条小狗 动态表情包 200张/198-线条小狗动态表情包.gif
199,199-线条小狗动态表情包.gif,仰头打哈欠伸爪,睡眠休息,白色小狗,困倦待机,高,哈欠|伸爪|困倦,仰头张嘴打哈欠后伸出爪子,523×523,16,1.28,是,801.3,376FFC28FB0E580D7D19FF2C4029C65A343C498901A2390F18AFB534D89E18DC,assets/source/线条小狗 表情包图合集/线条小狗 动态表情包 200张/199-线条小狗动态表情包.gif
200,200-线条小狗动态表情包.gif,幸运草摇摆舞,正面情绪,白色小狗,幸运事件,高,四叶草|摇摆|幸运,绿色四叶草环绕时闭眼左右摇摆,490×472,12,1.2,是,803.8,9343B51EC9081FB5C08265722AEAE13A2357F35EF06DD8F2621E16CB6DD4AB06,assets/source/线条小狗 表情包图合集/线条小狗 动态表情包 200张/200-线条小狗动态表情包.gif
AD01,分享高质量素材.gif,素材宣传二维码,广告说明,宣传图片,排除,排除,二维码|广告|宣传,素材包附带的二维码宣传图片不是角色动作,500×469,1,0.0,否,830.7,196CB9056E006841CEB05E08FFF3FA17B5D5E6F970AF01669A8479D08A67F965,assets/source/线条小狗 表情包图合集/线条小狗 动态表情包 200张/分享高质量素材.gif
AD02,更多表情包素材.gif,素材网站宣传,广告说明,宣传图片,排除,排除,网站|广告|宣传,素材包附带的网站宣传图片不是角色动作,574×347,1,0.0,是,890.0,E7E90B4A4B9E09BB248A8AA39A7BD243A39396737E9F6DC491CF61CB762FCEB5,assets/source/线条小狗 表情包图合集/线条小狗 动态表情包 200张/更多表情包素材.gif
